ApexClassId,ShouldSkipCodeCoverage
01pr0000000bsPkAAI,false
01pr0000000hSdMAAU,false
01pr0000000dQTkAAM,false
01pr0000000bsPmAAI,false
01pr0000000bsPpAAI,false
01pr0000000bsPrAAI,false
01pr0000000bsPtAAI,false
01pr0000000bsPuAAI,false
01pr0000000bsPwAAI,false
01pr0000000bsPzAAI,false
01pr0000000bsQ1AAI,false
01pr0000000dlLjAAI,false
01pr0000000hUtWAAU,false
01pr0000000bsQ3AAI,false
01pr0000000bsQ5AAI,false
01pr0000000bsQ7AAI,false
01pt0000000OKBhAAO,false
01pr0000000c8BQAAY,false
01pt0000000OKBpAAO,false
01pt0000000OKBnAAO,false
01pt0000000OKBtAAO,false
01pt0000000OKBrAAO,false
01pr0000000dPKmAAM,false
01pr0000000bzd1AAA,false
01pr0000000hSUOAA2,false
01pr0000000c8BSAAY,false
01pr0000000gkzzAAA,false
01pr0000000bsQ9AAI,false
01pr0000000bsQBAAY,false
01pr0000000hKjsAAE,false
01pr0000000dPKrAAM,false
01pr0000000dPL6AAM,false
01pr0000000bsQDAAY,false
01pr0000000bsQFAAY,false
01pr0000000dPLBAA2,false
01pr0000000bsQHAAY,false
01pt0000000OKBjAAO,false
01pr0000000cCyBAAU,false
01pr0000000dlLlAAI,false
01pr0000000hLbfAAE,false
01pr0000000bzd2AAA,false
01pr0000000bsQIAAY,false
01pr0000000bsQKAAY,false
01pr0000000bsQMAAY,false
01pr0000000h3XpAAI,false
01pr0000000bsQQAAY,false
01pr0000000bsQSAAY,false
01pr0000000bsQUAAY,false
01pr0000000bsNMAAY,false
01pr0000000bsQXAAY,false
01pr0000000bsNOAAY,false
01pr0000000bsQZAAY,false
01pr0000000hSjjAAE,false
01pr0000000hU6eAAE,false
01pr0000000dlLqAAI,false
01pt0000000OKBlAAO,false
01pr0000000bsQdAAI,false
01pr0000000bsQgAAI,false
01pr0000000cCy9AAE,false
01pr0000000dPLGAA2,false
01pr0000000dlLuAAI,false
01pr0000000hSciAAE,false
01pr0000000ha1rAAA,false
01pr0000000hTRjAAM,false
01pr0000000hKFGAA2,false
01pr0000000bsQiAAI,false
01pr0000000dPKHAA2,false
01pr0000000bsQnAAI,false
01pt0000000OSTLAA4,false
01pr0000000hUB1AAM,false
01pt00000004sg3AAA,false
01pr0000000hKFzAAM,false
01pt0000000OKBdAAO,false
01pt0000000OKBfAAO,false
01pr0000000dQWKAA2,false
01pr0000000bsQpAAI,false
01pr0000000bsQrAAI,false
01pr0000000bsQtAAI,false
01pr0000000hNAoAAM,false
01pr0000000bsQxAAI,false
01pr0000000bsR0AAI,false
01pr0000000bsR2AAI,false
01pr0000000cqKyAAI,false
01pr0000000bsR5AAI,false
01pr0000000dPKhAAM,false
01pr0000000hFfjAAE,false
01pr0000000hGfBAAU,false
01pr0000000hIAxAAM,false
01pr0000000hH4BAAU,false
